﻿Designator,Footprint,Quantity,Value,LCSC Part #
BT1,PinHeader_1x02_P2.54mm_Vertical,1,Battery_Cell,
"C1, C11, C13, C2, C3, C4, C5, C6, C7, C8",0402,10,100n,
C10,0603,1,2.2u,
C12,0603,1,10u,C19702
C14,0402,1,1n5,
"C15, C20, C21",0603,3,22u,
"C16, C18",0603,2,10u,
"C17, C25, C9",0402,3,1u,
C19,1206,1,100u,
"C22, C23",0402,2,2u2,
C24,0402,1,10n,
"C26, C27",0402,2,10p,
C28,0402,1,10u,
D1,0603,1,LEDB,
"D2, D4",D_SMA,2,SS24,
J1,PinHeader_1x04_P2.54mm_Horizontal,1,Conn_01x04_Pin,
J2,USB_C_Receptacle_GCT_USB4105-xx-A_16P_TopMnt_Horizontal,1,USB_C_Receptacle_USB2.0_16P,
JP1,SolderJumper-2_P1.3mm_Open_RoundedPad1.0x1.5mm,1,Jumper_2_Open,
L1,1206,1,10u,C395029
L2,0805,1,2.2u,C1043 
M1,Vybronics_VZ30C1T8219732L,1,Motor_DC,C2894731
"PB1, SW3, SW4, SW5, SW6",SW_PUSH_6mm_H13mm,5,SW_Push,C2834892
"Q1, Q2",SOT-23,2,AO3401A,
"Q3, Q4",SOT-23,2,AO3400A,
"R1, R3, R6",0402,3,10k,
R10,0402,1,15k,
"R11, R16, R17",0402,3,200k,
R12,0402,1,340k,
"R13, R14",0402,2,47k,
R15,0402,1,2k,
R18,0402,1,330,
R2,0402,1,1k,
"R4, R5",0402,2,5k1,
R7,0402,1,56k,
R8,0402,1,4k7,
R9,0402,1,1m,
"RE1, RE2",RotaryEncoder_Alps_EC11E-Switch_Vertical_H20mm,2,RotaryEncoder_Switch,C202365
"SW1, SW2",2MS,2,SW_SPDT,C908281
U1,LQFP-64_10x10mm_P0.5mm,1,STM32F401RCTx,
U2,ST_HLGA-10_2x2mm_P0.5mm_LayoutBorder3x2y,1,LPS22HB,C94049
U3,SOT-23-6,1,SRV05-4,C7420376
U4,SOP-8-1EP_4.57x4.57mm_P1.27mm_EP4.57x4.45mm,1,TX4401,
U5,LGA-14_3x2.5mm_P0.5mm_LayoutBorder3x4y,1,ICM-42670-P,
U6,TSOT-23-6,1,TP4057-42,
Y1,Crystal_SMD_3225-4Pin_3.2x2.5mm,1,16MHz,
